sector,1,2,3,4,5,6,7,8,9,10
Basic Materials,5,12,28,24,24,34,32,27,11,10
Communication Services,17,16,18,10,20,15,13,13,14,17
Consumer Cyclical,38,48,41,37,37,23,29,38,32,28
Consumer Defensive,21,21,13,12,11,17,13,17,11,8
Energy,7,15,23,30,29,18,14,15,10,6
Financial Services,76,70,70,63,63,89,109,71,64,60
Healthcare,82,77,69,68,73,61,49,56,76,97
Industrials,32,57,44,56,52,53,49,60,52,54
Real Estate,55,26,26,24,18,8,10,6,10,5
Technology,19,24,41,43,44,56,59,75,97,89
Unknown,1,0,2,4,0,1,0,2,1,0
Utilities,27,14,5,8,9,5,2,0,2,6
