vendor_symbol,reason
ADBT,only 23 bars (need 60)
ADIG,only 41 bars (need 60)
ADRX,only 1 bars (need 60)
APMD,only 40 bars (need 60)
ASBH,only 8 bars (need 60)
ATTO,only 37 bars (need 60)
AUXX,only 14 bars (need 60)
BIOT,only 45 bars (need 60)
BLSM,only 35 bars (need 60)
BRTM,only 12 bars (need 60)
BRVE,only 36 bars (need 60)
CCCT,only 40 bars (need 60)
CEPL,only 57 bars (need 60)
CGCF,only 29 bars (need 60)
CIGL,only 38 bars (need 60)
CSQR,only 51 bars (need 60)
ETRA,only 2 bars (need 60)
FBDT,only 26 bars (need 60)
FJDI,only 2 bars (need 60)
FTRA,only 44 bars (need 60)
GHXI,only 31 bars (need 60)
GIXI,only 17 bars (need 60)
GYGY,only 41 bars (need 60)
HLSQ,only 1 bars (need 60)
HOST,only 6 bars (need 60)
IDAC,only 59 bars (need 60)
IMC,only 42 bars (need 60)
IOND,only 43 bars (need 60)
IPVV,only 44 bars (need 60)
JMKE,only 41 bars (need 60)
JONE,only 16 bars (need 60)
LTGO,only 35 bars (need 60)
LTGR,only 44 bars (need 60)
LYNX,only 27 bars (need 60)
NCO,only 40 bars (need 60)
NUR,only 34 bars (need 60)
OBX,only 44 bars (need 60)
OIG,only 6 bars (need 60)
PLCI,only 32 bars (need 60)
QMLS,only 51 bars (need 60)
QVCG,only 34 bars (need 60)
RACD,only 54 bars (need 60)
REF,only 41 bars (need 60)
SCTX,only 44 bars (need 60)
SGLD,only 18 bars (need 60)
SHOT,only 50 bars (need 60)
SNSC,only 32 bars (need 60)
STDN,only 51 bars (need 60)
SVA,only 1 bars (need 60)
SWRD,only 12 bars (need 60)
TP,only 35 bars (need 60)
TRBG,only 16 bars (need 60)
TREO,only 26 bars (need 60)
TVIV,only 54 bars (need 60)
VOGX,only 32 bars (need 60)
WLCO,only 34 bars (need 60)
XIII,only 6 bars (need 60)
XTND,only 15 bars (need 60)
YICC,only 54 bars (need 60)
