tv_ticker,company_name,sector,industry,market_cap,price,rsi14,rsi_decile,score,oversold_pctile,trend_pctile,hook_turning_up,pct_from_52w_high,prem_ma_200d,prem_ma_1y,prem_ma_4y,avg_dollar_vol_20d,asof,vendor_symbol,country,exchange,rsi21,rsi_pctile,rsi_rank,pct_from_52w_low,prem_ma_2y,prem_ma_3y,ma_200d,ma_1y,ma_2y,ma_3y,ma_4y,bars_available,rsi_fast_prev,shares_outstanding
NASDAQ:NWPX,"NWPX Infrastructure, Inc.",Basic Materials,Steel,1008436817.0,104.64,32.27,1,91.4,91.9,90.9,True,-30.21,10.14,20.8,112.45,15609590,2026-09-11,NWPX,United States,NASDAQ,35.97,8.8,334,111.69,58.32,90.72,95.006,86.6255,66.0955,54.8659,49.2545,1255,29.37,9637202.0
NASDAQ:HYMC,Hycroft Mining Holding Corporation,Basic Materials,Gold,1973588004.0,21.18,39.72,3,83.6,73.0,94.3,False,-62.0,-29.72,-16.84,135.27,48391878,2026-09-11,HYMC,United States,NASDAQ,42.83,27.4,1040,267.07,49.03,104.74,30.1374,25.4687,14.2122,10.3447,9.0024,1255,40.37,93181681.0
NASDAQ:ALOY,REalloys Inc.,Basic Materials,Other Industrial Metals & Mining,573823030.0,8.41,35.66,2,82.4,84.6,80.3,False,-67.5,-25.14,-20.16,68.57,25261754,2026-09-11,ALOY,United States,NASDAQ,40.58,15.9,605,42.06,16.25,46.78,11.2344,10.5331,7.2345,5.7297,4.989,1255,37.37,68231038.0
NASDAQ:ATEX,Anterix Inc.,Communication Services,Telecom Services,1602384511.0,82.18,36.33,2,87.8,82.6,92.9,False,-24.05,49.73,71.74,126.01,27198541,2026-09-11,ATEX,United States,NASDAQ,42.2,17.7,674,356.81,109.11,119.29,54.8852,47.8512,39.2992,37.4757,36.3611,1255,37.13,19498473.0
NYSE:TDAY,"USA TODAY Co., Inc.",Communication Services,Publishing,933025426.0,6.36,36.86,2,79.4,81.3,77.4,False,-29.57,-6.9,0.83,60.8,16269974,2026-09-11,TDAY,United States,NYSE,37.28,18.9,719,82.23,20.19,40.24,6.8312,6.3077,5.2915,4.5352,3.9553,1255,34.16,146702111.0
NYSE:LYV,"Live Nation Entertainment, Inc.",Communication Services,Entertainment,39638059776.0,170.15,35.49,2,77.1,85.2,68.9,False,-9.72,5.53,6.72,46.3,312011348,2026-09-11,LYV,United States,NYSE,40.71,15.4,584,35.46,15.28,31.97,161.2396,159.4427,147.6034,128.9314,116.3022,1255,35.33,232959505.0
NASDAQ:LIND,Lindblad Expeditions Holdings Inc.,Consumer Cyclical,Travel Services,1683952000.0,25.67,34.13,2,89.7,88.7,90.7,True,-25.55,21.54,32.89,111.06,22904717,2026-09-11,LIND,United States,NASDAQ,39.52,12.2,465,124.19,67.63,97.5,21.1205,19.3166,15.3137,12.9976,12.1622,1255,31.34,65600000.0
NASDAQ:CTRN,"Citi Trends, Inc.",Consumer Cyclical,Apparel Retail,504955386.0,60.62,33.29,2,89.6,89.9,89.3,False,-20.43,17.76,25.82,104.32,11608937,2026-09-11,CTRN,United States,NASDAQ,40.5,10.7,407,97.2,65.67,88.04,51.4767,48.1813,36.5909,32.2374,29.6689,1255,38.71,8329848.0
NASDAQ:CASY,"Caseys General Stores, Inc.",Consumer Cyclical,Specialty Retail,22775414420.0,615.47,19.0,1,85.0,99.8,70.3,False,-32.78,-15.48,-10.85,48.35,383417573,2026-09-11,CASY,United States,NASDAQ,25.67,0.3,11,20.22,9.21,28.6,728.2354,690.3908,563.5736,478.5936,414.8633,1255,19.93,37004914.0
NASDAQ:MAMA,"Mama's Creations, Inc.",Consumer Defensive,Packaged Foods,684440124.0,14.72,33.19,2,89.4,90.2,88.5,False,-28.72,-4.37,2.3,98.67,9830905,2026-09-11,MAMA,United States,NASDAQ,37.54,10.4,396,56.43,33.08,60.41,15.392,14.3888,11.0606,9.1763,7.4094,1255,35.36,46497291.0
NYSE:USFD,US Foods Holding Corp.,Consumer Defensive,Food Distribution,20995932683.0,95.34,27.45,1,86.4,97.6,75.3,False,-14.06,4.88,8.79,56.9,192385504,2026-09-11,USFD,United States,NYSE,36.42,3.1,117,36.1,20.81,38.64,90.9056,87.6384,78.9173,68.7694,60.7631,1255,28.51,220221656.0
NASDAQ:COCO,"The Vita Coco Company, Inc.",Consumer Defensive,Beverages - Non-Alcoholic,3009514598.0,52.01,25.74,1,86.1,98.4,73.7,True,-38.1,-14.91,-8.98,53.29,59774939,2026-09-11,COCO,United States,NASDAQ,30.88,2.2,83,33.39,13.98,33.22,61.1216,57.1431,45.6302,39.0419,33.9301,1227,21.73,57864153.0
NASDAQ:BKR,Baker Hughes Company,Energy,Oil & Gas Equipment & Services,58627330633.0,59.06,35.95,2,78.4,83.6,73.3,False,-14.63,1.1,5.35,52.38,414857349,2026-09-11,BKR,United States,NASDAQ,42.04,16.8,638,34.89,23.22,38.92,58.4179,56.0607,47.9314,42.5127,38.7587,1255,37.02,992674071.0
NYSE:LEU,Centrus Energy Corp.,Energy,Uranium,2886821902.0,152.31,38.26,3,72.3,77.8,66.8,False,-65.07,-27.14,-34.24,43.25,113233834,2026-09-11,LEU,United States,NYSE,41.98,22.9,870,3.89,-10.82,17.72,209.0589,231.6042,170.7826,129.388,106.3272,1255,43.66,18953594.0
AMEX:DNN,Denison Mines Corp Ordinary Shares (Canada),Energy,Uranium,2733151225.0,3.02,39.95,3,71.3,72.1,70.5,False,-30.89,-10.59,-6.97,48.51,91514615,2026-09-11,DNN,Canada,AMEX,43.89,28.2,1071,33.04,19.12,30.8,3.3777,3.2463,2.5354,2.3088,2.0335,1255,47.04,905016962.0
NYSE:ENVA,"Enova International, Inc.",Financial Services,Credit Services,5564287951.0,223.48,38.86,3,85.4,75.8,95.0,True,-15.81,24.49,33.86,141.97,63862321,2026-09-11,ENVA,United States,NYSE,43.79,24.9,945,114.86,67.7,106.05,179.519,166.9444,133.2609,108.4586,92.3583,1255,38.42,24898371.0
NASDAQ:BPOP,"Popular, Inc.",Financial Services,Banks - Regional,10455614347.0,163.71,35.61,2,83.8,84.8,82.9,False,-7.46,12.55,17.37,75.22,77591129,2026-09-11,BPOP,United States,NASDAQ,41.7,15.7,597,53.3,38.1,56.3,145.4498,139.4852,118.5453,104.7391,93.4296,1255,36.1,63866681.0
NYSE:BCAT,BlackRock Capital Allocation Term Trust Common Shares of Beneficial Interest,Financial Services,Asset Management,1550674011.0,14.8,29.04,1,80.2,96.4,64.0,False,-7.96,4.76,7.73,39.52,12008720,2026-09-11,BCAT,United States,NYSE,35.83,4.4,166,24.62,18.63,29.12,14.1274,13.7384,12.4753,11.462,10.6081,1255,53.34,104775271.0
NASDAQ:KOD,Kodiak Sciences Inc,Healthcare,Biotechnology,2058204924.0,32.89,29.38,1,97.0,96.0,98.1,True,-29.18,-1.56,10.37,193.94,22437778,2026-09-11,KOD,United States,NASDAQ,36.29,4.8,181,257.11,87.49,157.46,33.4128,29.7988,17.5427,12.775,11.1895,1255,29.26,62578441.0
NASDAQ:TRVI,"Trevi Therapeutics, Inc.",Healthcare,Biotechnology,2257477357.0,15.9,33.16,2,93.9,90.3,97.5,False,-18.46,12.48,19.54,176.46,24715444,2026-09-11,TRVI,United States,NASDAQ,39.99,10.4,395,99.75,72.63,130.14,14.1355,13.3014,9.2103,6.9087,5.7512,1255,33.23,141979708.0
NASDAQ:BBIO,"BridgeBio Pharma, Inc.",Healthcare,Biotechnology,14188188370.0,72.44,29.89,1,91.6,95.4,87.7,False,-19.66,-2.11,2.59,93.43,156389582,2026-09-11,BBIO,United States,NASDAQ,37.11,5.4,204,47.84,37.5,61.21,74.0012,70.6134,52.682,44.9346,37.4496,1255,30.02,195861242.0
NYSE:PL,Planet Labs PBC,Industrials,Aerospace & Defense,5476348608.0,16.45,23.46,1,92.9,99.3,86.5,False,-68.0,-39.28,-31.81,87.13,190610426,2026-09-11,PL,United States,NYSE,29.8,1.1,43,70.11,15.41,60.55,27.0903,24.1255,14.2531,10.246,8.7906,1255,24.16,332908730.0
NYSE:HWM,Howmet Aerospace Inc.,Industrials,Aerospace & Defense,91868679172.0,229.61,30.2,1,91.1,94.9,87.3,True,-21.54,-6.65,-2.53,91.42,921994760,2026-09-11,HWM,United States,NYSE,34.08,5.9,224,24.99,23.16,57.08,245.9654,235.5711,186.4387,146.1709,119.9523,1255,28.72,400107483.0
NYSE:AGX,"Argan, Inc.",Industrials,Engineering & Construction,5800323254.0,413.74,35.72,2,89.0,84.4,93.5,True,-48.15,-19.46,-11.5,129.85,173393470,2026-09-11,AGX,United States,NYSE,36.92,16.1,611,80.5,31.64,81.56,513.6946,467.5138,314.3044,227.8826,180.0012,1255,30.65,14019247.0
NASDAQ:DHC,Diversified Healthcare Trust - Common Shares of Beneficial Interest,Real Estate,REIT - Healthcare Facilities,1815801945.0,7.5,32.18,1,92.2,92.1,92.3,False,-22.2,3.23,12.6,120.69,10254012,2026-09-11,DHC,United States,NASDAQ,35.96,8.6,327,86.4,55.96,83.92,7.265,6.6606,4.8091,4.0778,3.3984,1255,33.09,242106926.0
NASDAQ:ILPT,Industrial Logistics Properties Trust - Common Shares of Beneficial Interest,Real Estate,REIT - Industrial,517948037.0,7.76,30.53,1,88.6,94.5,82.6,True,-16.15,10.74,15.9,74.68,2234906,2026-09-11,ILPT,United States,NASDAQ,36.82,6.3,238,58.07,46.16,63.23,7.0075,6.6954,5.3092,4.7541,4.4425,1255,25.66,66745881.0
NYSE:OUT,OUTFRONT Media Inc.,Real Estate,REIT - Specialty,5038937656.0,28.62,35.14,2,84.0,86.2,81.7,True,-14.39,2.15,10.3,72.49,42039679,2026-09-11,OUT,United States,NYSE,37.59,14.6,553,75.14,36.15,59.7,28.018,25.9464,21.0216,17.9213,16.5924,1255,31.51,176063510.0
NASDAQ:CRDO,Credo Technology Group Holding Ltd,Technology,Semiconductors,30386573479.0,162.95,33.21,2,92.5,90.2,94.8,True,-46.14,-7.36,-4.82,139.72,1391308320,2026-09-11,CRDO,Cayman Islands,NASDAQ,38.21,10.5,398,85.57,37.46,88.95,175.8911,171.1988,118.5404,86.2379,67.9741,1160,31.9,186477898.0
NASDAQ:BLZE,"Backblaze, Inc.",Technology,Software - Infrastructure,744182664.0,12.4,35.14,2,86.2,86.2,86.1,True,-39.3,55.46,52.59,85.44,40627181,2026-09-11,BLZE,United States,NASDAQ,41.45,14.6,552,274.62,73.72,71.78,7.9762,8.1266,7.138,7.2187,6.6867,1212,34.41,60014731.0
NASDAQ:LPTH,"LightPath Technologies, Inc.",Technology,Electronic Components,577662544.0,9.2,37.79,3,85.8,79.1,92.6,False,-49.31,-23.07,-16.89,123.72,43100854,2026-09-11,LPTH,United States,NASDAQ,40.9,21.5,816,73.58,34.88,83.62,11.9594,11.07,6.8209,5.0105,4.1123,1255,39.75,62789407.0
NYSE:MDU,"MDU Resources Group, Inc. Common Stock (Holding Company)",Utilities,Utilities - Regulated Gas,4012915661.0,19.2,34.51,2,72.8,87.9,57.8,False,-14.6,-6.21,-4.1,32.54,29164342,2026-09-11,MDU,United States,NYSE,37.38,12.9,492,24.56,6.15,20.92,20.4717,20.0212,18.0877,15.8785,14.4864,1255,35.11,209006024.0
NYSE:EMA,Emera Incorporated,Utilities,Utilities - Regulated Electric,15047221000.0,49.19,33.87,2,71.3,89.1,53.5,False,-9.87,-2.76,-1.3,26.81,18173467,2026-09-11,EMA,Canada,NYSE,37.51,11.6,441,9.48,9.91,21.87,50.5864,49.8357,44.7546,40.3627,38.7897,1255,35.87,305900000.0
NYSE:D,"Dominion Energy, Inc.",Utilities,Utilities - Regulated Electric,56606290078.0,64.36,34.42,2,69.5,88.1,50.9,False,-9.32,2.22,3.88,24.32,273608423,2026-09-11,D,United States,NYSE,38.58,12.8,487,16.26,12.3,22.35,62.9607,61.9535,57.3116,52.6019,51.7699,1255,38.27,879525949.0
